"","AskeladdenID","Uncal.C14Age","C14SD","C14LabCode","xcoord","ycoord","meancalyear","cent","bio01","bio04","bio05","bio06","bio12","bio15","topo01","centrank","Suit"
"1",174995,3900,30,"Beta-477306",286880.2948,6698483.696,4336,4300,7.01460695266724,569.707397460938,17.490909576416,-5.19779634475708,1911.95983886719,30.6787414550781,"3",5711316,0.787964105606079
"3",172350,4660,90,"T-7641",285773.1117,6731748.197,5391,5400,6.86511468887329,597.408081054688,17.9090442657471,-5.84802198410034,1996.67578125,31.0909004211426,"3",9421213.5,0.718996644020081
"4",172763,6270,30,"Beta-366879",293577.6643,6611058.919,7212,7200,5.72443723678589,654.742370605469,17.0424327850342,-10.2191886901855,1757.30810546875,36.5613441467285,"6",27222276,0.109069548547268
"5",140583,7060,40,"Beta-286532",300677.7435,6713393.834,7888,7900,5.16347694396973,705.949829101562,17.8801097869873,-12.0078125,1909.10656738281,33.9389801025391,"5",11711908,0.481377452611923
"7",140596,4900,40,"Beta-286537",300820.9635,6713234.113,5634,5600,7.07379627227783,595.411560058594,18.1671104431152,-4.34999990463257,1945.32116699219,31.4629821777344,"5",13609057,0.665309607982635
"8",97667,4600,130,"T-3070",295751.3744,6717771.714,5275,5300,7.08996057510376,578.135131835938,18.3661918640137,-4.13380908966064,1974.32385253906,31.73557472229,"5",12659672.5,0.647579073905945
"9",114560,4885,120,"T-19501",281215.3847,6681938.287,5627,5600,7.83058643341064,544.694885253906,17.6871185302734,-2.54999995231628,1846.78393554688,30.883825302124,"3",3526708,0.892722845077515
"13",95765,5870,130,"T-5815",279966.2831,6704093.375,6689,6700,7.5208535194397,583.238952636719,18.3682594299316,-3.75,1793.9794921875,32.6593322753906,"3",2592906,0.89288055896759
"17",97666,5860,140,"T-3068",295838.5957,6717802.828,6678,6700,7.00936698913574,625.34423828125,18.7515506744385,-5.04844951629639,1894.98449707031,33.7467727661133,"5",11979016,0.691623747348785
"19",231135,4980,30,"Beta-477513",305895,6706210,5693,5700,6.82497215270996,617.655639648438,18.5833015441895,-5.34999990463257,1859.99438476562,31.4563961029053,"5",11344864,0.694323182106018
"20",90340,6920,70,"Beta-103191",313674.1826,6684763.168,7756,7800,4.07081317901611,758.50927734375,17.5926990509033,-15.9068050384521,1870.96752929688,34.7798347473145,"5",12639635.5,0.396927833557129
"21",90340,7985,105,"T-12984",313674.1826,6684763.168,8836,8800,3.07420134544373,781.377685546875,16.4926986694336,-17.9051990509033,1788.60363769531,36.1721954345703,"5",12632594.5,0.351842522621155
"22",172350,5210,180,"T-8070",285773.1117,6731748.197,5979,6000,8.62814903259277,513.085998535156,19.0090427398682,0.148700281977654,2022.49548339844,32.1846694946289,"3",9479973.5,0.872698128223419
"23",172350,4800,120,"T-7643",285773.1117,6731748.197,5518,5500,6.7769193649292,596.892456054688,18.070686340332,-6.28965663909912,2006.92163085938,31.6858348846436,"3",9536060.5,0.702642858028412
"24",172350,5170,100,"T-7644",285773.1117,6731748.197,5931,5900,8.59633159637451,528.527221679688,19.2706871032715,-0.548022270202637,1994.29223632812,32.2909622192383,"3",9491214,0.883621215820312
"25",111315,6750,150,"T-19308",272243.4166,6724200.894,7614,7600,6.50820684432983,623.887756347656,17.3093929290771,-8.35000038146973,1697.68505859375,31.3419589996338,"3",541971.5,0.857517540454865
"26",90340,8600,85,"T-12985",313674.1826,6684763.168,9595,9600,2.88688635826111,814.066162109375,16.5379981994629,-19.4051990509033,1808.66149902344,33.9735565185547,"5",12213752.5,0.326604694128036
"27",96502,4150,50,"Beta-93147",295680.8201,6627577.629,4688,4700,8.79736995697021,525.689453125,18.7540149688721,-0.6594597697258,1660.34130859375,31.55348777771,"2",1264973,0.973544895648956
"28",90573,4620,110,"T-3206",280686.0432,6614522.075,5320,5300,7.8742241859436,535.901489257812,17.7346477508545,-2.75,1572.0517578125,31.4084701538086,"4",17414262,0.499969273805618
"29",175024,8410,40,"Beta-368833",305092.0792,6703484.228,9447,9400,3.50696015357971,800.134826660156,16.9500007629395,-18.8500003814697,1839.11706542969,32.9076156616211,"5",11697107.5,0.363415539264679
"30",111315,6485,95,"T-19309",272243.4166,6724200.894,7384,7400,5.86732292175293,627.298400878906,16.8500003814697,-8.85000038146973,1695.87292480469,32.0385093688965,"3",437170,0.800242722034454
"32",174695,5200,35,"Poz-106817",285623.4832,6697561.85,5961,6000,8.76121044158936,506.989929199219,18.814058303833,0.460854560136795,1871.62609863281,31.478084564209,"3",4479570.5,0.940856456756592
"33",108117,4575,65,"TUa-2197",285265,6717860,5241,5200,6.54755067825317,610.202514648438,17.7403678894043,-7.33701181411743,1902.64709472656,28.955005645752,"3",6353940,0.745861768722534
"34",107894,4410,130,"T-2386",294708.8793,6716715.742,5046,5000,7.47598791122437,574.456909179688,18.3562870025635,-3.3216667175293,1956.57666015625,31.4382953643799,"5",12481048,0.702021181583405
"35",138527,4010,40,"Beta-286527",299996.1773,6713813.059,4480,4500,7.18842077255249,588.990051269531,18.3210544586182,-4.16658687591553,2011.59753417969,31.2201499938965,"5",14570452,0.633214235305786
"36",223045,4540,40,"Beta-448296",297714.7745,6631501.822,5164,5200,6.35317420959473,630.118591308594,17.5499992370605,-8.35264587402344,1751.63500976562,28.4140186309814,"3",2773193,0.815822124481201
"37",107911,6200,130,"T-2741",294745,6716830,7082,7100,6.33368492126465,641.015258789062,18.3353786468506,-7.26951026916504,1884.61865234375,32.9607734680176,"5",11095801,0.623710334300995
"38",107897,5240,150,"T-2385",294720.4475,6716694.859,6017,6000,8.49446487426758,533.768005371094,19.1962184906006,-0.366256922483444,1942.5439453125,32.215030670166,"5",11991362,0.815429270267487
"39",107908,6210,110,"T-2589",294718.6275,6716782.024,7094,7100,6.33840847015381,641.06201171875,18.3391399383545,-7.26625680923462,1887.09985351562,32.9748153686523,"5",11134616.5,0.622585535049438
"40",138422,4620,40,"Beta-286525",299925,6713960,5398,5400,6.51943683624268,629.871520996094,18.3180751800537,-6.90918827056885,1974.85302734375,31.1733264923096,"5",13877166.5,0.583959579467773
"41",138418,4800,40,"Beta-286522",299937.8352,6713979.652,5523,5500,6.44780540466309,630.400146484375,18.3269062042236,-7.34233236312866,1979.63500976562,31.8069610595703,"5",13784034,0.572876334190369
"42",6477,5440,120,"T-7517",280411.4449,6739309.806,6217,6200,6.38671016693115,616.032287597656,17.75,-7.83842182159424,1868.34729003906,32.4135704040527,"3",5385741,0.750519633293152
"43",91275,7110,60,"Poz-15839",355132.9585,6693027.47,7935,7900,3.49947786331177,823.743347167969,18.7975082397461,-16.2998561859131,1606.12573242188,37.306468963623,"5",11395093.5,0.492054015398026
"44",139234,6030,40,"Beta-291440",347504,6697248,6872,6900,3.70464587211609,823.916564941406,19.1691493988037,-15.5483055114746,1727.7548828125,37.2494964599609,"5",15960301,0.442315697669983
"45",6477,5950,100,"T-7533",280411.4449,6739309.806,6786,6800,6.31859636306763,645.103332519531,18.25,-8.53842258453369,1859.23156738281,31.78586769104,"3",5209439,0.749074518680573
"46",160292,3990,30,"Beta-338825",277886.2484,6700248.345,4474,4500,7.8747034072876,531.517944335938,17.7900142669678,-2.32848882675171,1832.49768066406,30.2081241607666,"3",2491671,0.901817321777344
"47",138414,4080,40,"Beta-286523",299922.479,6713996.93,4580,4600,7.8576831817627,567.237609863281,18.7284297943115,-2.74457359313965,1973.84069824219,30.4237632751465,"5",14235894.5,0.731875956058502
"48",66458,5010,120,"T-431",280286.3545,6739310.658,5756,5800,7.95805358886719,547.208984375,18.6499996185303,-2.95000004768372,1910.93298339844,30.7444953918457,"3",5998151,0.873344957828522
"50",111332,3905,40,"Tua-7026",272305.536,6724684.871,4335,4300,7.33676195144653,540.133911132812,17.3191528320312,-4.25,1752.21508789062,30.2754211425781,"3",632629,0.897188484668732
"51",94922,5880,130,"T-6977",272883.8968,6727415.198,6701,6700,7.60567331314087,568.89013671875,18.3500003814697,-3.34999990463257,1752.49975585938,32.0309028625488,"2",3016183.5,0.884447038173676
"52",94922,5190,120,"T-6570",272883.8968,6727415.198,5960,6000,8.96397399902344,482.766357421875,18.7140350341797,1.08742523193359,1783.26879882812,31.1137313842773,"2",3250260.5,0.954075038433075
"53",113777,4750,30,"Beta - 315313",289288,6695969,5519,5500,6.86303186416626,601.676452636719,18.0499992370605,-6.38294839859009,1811.61560058594,30.8920116424561,"5",8417406,0.729470551013947
"57",95150,5040,80,"T-6113",276785,6713700,5783,5800,8.10468578338623,537.954040527344,18.4500007629395,-2.54792308807373,1808.75073242188,30.7731552124023,"1",7261039.5,0.852227032184601
"59",107909,5720,90,"T-2947",294740.2781,6716780.035,6517,6500,7.38466167449951,593.856994628906,18.7831974029541,-3.76951026916504,1901.04040527344,33.597297668457,"5",11632759,0.728359460830688
"60",126813,3920,40,"Tra-201",275905.9342,6713669.479,4351,4400,7.80673360824585,527.33642578125,17.8500003814697,-2.25,1802.94787597656,29.3347835540771,"1",7094428.5,0.82892233133316
"61",6309,5390,130,"T-3949",279002.5482,6707516.028,6161,6200,6.40542459487915,612.776306152344,17.5499992370605,-7.94999980926514,1772.99060058594,32.0778961181641,"2",4567294,0.76506507396698
"62",113773,5130,30,"Beta-315309",289323.8304,6696059.872,5895,5900,8.71261310577393,531.521850585938,19.25,-0.449999988079071,1820.52966308594,31.8521995544434,"3",3844509,0.952830672264099
"63",99962,5130,50,"Beta-222501",283684.2044,6671882.686,5868,5900,8.93027877807617,513.804992675781,18.9500007629395,0.150000005960464,1800.70910644531,30.3559627532959,"1",7262375.5,0.917007505893707
"64",35751,4920,200,"T-4416",279615.0569,6707286.398,5661,5700,7.62592124938965,554.687622070312,18.108283996582,-3.25,1842.04064941406,31.6536998748779,"2",4626346.5,0.843080401420593
"66",6477,9395,160,"Ua-890",280411.4449,6739309.806,10654,10700,1.88206124305725,744.663208007812,13.1499996185303,-20.3500003814697,1869.57885742188,31.7061595916748,"3",4156622.5,0.299032181501389
"67",6477,8980,70,"T-7511",280411.4449,6739309.806,10105,10100,3.58846473693848,743.843444824219,15.4499998092651,-16.4500007629395,1893.57885742188,32.9709091186523,"3",4778265.5,0.434286266565323
"68",6477,5030,80,"T-7524",280411.4449,6739309.806,5773,5800,7.95561361312866,547.465576171875,18.6499996185303,-2.95000004768372,1910.34729003906,30.7162914276123,"3",5993199.5,0.873430490493774
"69",91275,7540,60,"Beta-200023",355132.9585,6693027.47,8348,8300,1.48005473613739,892.462707519531,17.0975074768066,-21.6972198486328,1564.88610839844,35.5075950622559,"5",13101635.5,0.326178312301636
"70",91275,7890,50,"Poz-15918",355132.9585,6693027.47,8713,8700,-0.820962250232697,882.833618164062,14.851318359375,-24.7919483184814,2015.3935546875,39.5633392333984,"5",27422900,0.0848008990287781
"71",96344,4600,40,"Beta-90358",294340,6628277,5323,5300,7.48273181915283,565.108703613281,17.9874877929688,-3.71581697463989,1703.44458007812,30.8872833251953,"3",447963.5,0.924934506416321
"72",96344,4470,60,"Beta-87275",294340,6628277,5124,5100,7.30699396133423,577.296569824219,17.9672298431396,-5.2669529914856,1669.90014648438,31.0271339416504,"3",475149,0.925935208797455
"73",91275,7560,50,"Poz-15916",355132.9585,6693027.47,8371,8400,1.54418396949768,891.232238769531,17.4975070953369,-21.0558414459229,1580.63562011719,35.9093322753906,"5",13493546,0.324230045080185
"74",91275,7812,45,"Ua-45244",355132.9585,6693027.47,8585,8600,0.34167006611824,888.849670410156,16.0087985992432,-23.9346446990967,1841.29187011719,38.2159118652344,"5",24350707.5,0.158796817064285
"76",6477,4490,70,"T-7053",280411.4449,6739309.806,5137,5100,7.35416650772095,557.280700683594,18.25,-4.65000009536743,1929,31.7355575561523,"3",6330941.5,0.811008512973785
"81",96344,4710,140,"Beta-90354",294340,6628277,5414,5400,6.93820571899414,605.946044921875,17.7044410705566,-6.15000009536743,1651.75329589844,30.1383285522461,"3",452662,0.909515261650085
"82",6477,5780,80,"T-7535",280411.4449,6739309.806,6578,6600,7.21714925765991,593.861511230469,18.3500003814697,-5.55000019073486,1893.57885742188,32.340030670166,"3",5531571.5,0.818182528018951
"83",6477,5570,70,"T-6236",280411.4449,6739309.806,6362,6400,6.9467978477478,615.608947753906,18.3500003814697,-6.65000009536743,1869.34729003906,32.3695411682129,"3",5615859,0.806281626224518
"84",6477,4320,70,"T-7148",280411.4449,6739309.806,4912,4900,7.73574495315552,562.573486328125,18.5499992370605,-3.45000004768372,1888.34729003906,32.3994789123535,"3",6185319.5,0.866389334201813
"90",91277,6290,40,"Poz-19338",355006.7965,6693012.414,7213,7200,3.59708762168884,815.93310546875,19.0262546539307,-14.7737455368042,1552.46142578125,39.0503196716309,"5",12397385.5,0.534304261207581
"93",66458,4400,90,"TUa-2028",280286.3545,6739310.658,5024,5000,7.77860832214355,541.095947265625,18.1499996185303,-2.3189013004303,1941.31103515625,30.7270088195801,"3",6230220.5,0.84305739402771
"97",94845,3920,80,"Ua-2457",272234.5278,6719961.693,4346,4300,7.3027138710022,539.980285644531,17.2590293884277,-4.29873704910278,1830.68054199219,30.597827911377,"1",6940935.5,0.763812184333801
"98",178656,5080,30,"Beta-390989",272209.7419,6722147.346,5813,5800,8.15416622161865,528.606018066406,18.3500003814697,-2.34999990463257,1789.27075195312,30.6040573120117,"2",3665258,0.908068299293518
"100",66458,4920,70,"T-1904",280286.3545,6739310.658,5659,5700,7.52185010910034,558.221740722656,18.25,-3.34999990463257,1950,32.0625610351562,"3",6245244.5,0.814862191677094
"105",96344,3910,60,"Beta-87274",294340,6628277,4335,4300,7.06246757507324,577.871704101562,17.4386253356934,-5.51581716537476,1689.58374023438,30.7760372161865,"3",490541,0.903321087360382
"106",6477,4675,85,"Tua-2025",280411.4449,6739309.806,5406,5400,7.04728031158447,583.5654296875,17.75,-5.34999990463257,1908.11572265625,30.4195098876953,"3",6003762.5,0.793480038642883
"107",6477,5010,50,"T-7510",280411.4449,6739309.806,5745,5700,7.51859664916992,558.555603027344,18.25,-3.34999990463257,1950,32.0625610351562,"3",6261300,0.8145552277565
"112",91275,7370,40,"Poz-15840",355132.9585,6693027.47,8179,8200,1.15109157562256,882.834777832031,16.5975074768066,-21.9985389709473,1518.80529785156,35.642520904541,"5",12638847.5,0.320437401533127
"115",15867,7700,50,"Beta-93907",299984.7975,6630126.238,8484,8500,3.23347616195679,766.616394042969,15.6759672164917,-19.0759677886963,1689.58117675781,34.4486618041992,"3",5793252.5,0.520442962646484
"116",66458,4170,90,"T-1909",280286.3545,6739310.658,4689,4700,8.79685020446777,505.931640625,18.9500007629395,-0.349999994039536,1940,31.6216335296631,"3",6489760.5,0.919928550720215
"117",16106,4160,40,"Beta-290933",285475.3626,6634092.122,4701,4700,8.9611234664917,502.514068603516,18.5394287109375,-0.0425626486539841,1804.77612304688,32.1355209350586,"3",2054276,0.96614944934845
"118",96878,4200,80,"T-8127",281995.9261,6643193.158,4715,4700,9.04183197021484,497.377624511719,18.5345554351807,0.197371155023575,1737.87866210938,31.6650104522705,"2",1938806,0.967183768749237
"119",66458,4770,90,"T-1906",280286.3545,6739310.658,5493,5500,6.95805406570435,583.717041015625,18.0499992370605,-5.84999990463257,1915.93298339844,30.9187660217285,"3",6051328,0.779918432235718
"121",66458,4670,170,"T-1238",280286.3545,6739310.658,5358,5400,7.049720287323,583.590759277344,17.75,-5.34999990463257,1908.31103515625,30.4363441467285,"3",5996421.5,0.793604612350464
"122",66458,4590,70,"T-1910",280286.3545,6739310.658,5290,5300,7.54138708114624,542.091430664062,18.25,-2.84999990463257,1963.24389648438,31.0535926818848,"3",6227383,0.809089064598083
"123",6477,5160,120,"T-7519",280411.4449,6739309.806,5919,5900,8.78701686859131,514.845703125,19.25,-0.0500000007450581,1903.11572265625,31.5981330871582,"3",5920623,0.932266652584076
"124",109879,7565,150,"T-19173",288106.9247,6703728.046,8362,8400,3.77698421478271,734.905700683594,16.2855625152588,-15.2806987762451,1764.13647460938,32.7208671569824,"6",28329669.5,0.0613964237272739
"127",138737,7030,30,"Beta-549655",289973.5272,6696418.933,7868,7900,5.54021310806274,678.754089355469,17.6064338684082,-11.2935657501221,1802.22436523438,33.6450042724609,"3",3455181.5,0.701855897903442
"128",138737,5950,30,"Beta-549654",289973.5272,6696418.933,6773,6800,6.10512828826904,664.55029296875,18.1595001220703,-9.49356555938721,1801.01953125,32.4570655822754,"3",4452479,0.76270067691803
"130",109879,6900,40,"Beta-364582",288106.9247,6703728.046,7729,7700,5.83687543869019,681.832946777344,17.9855632781982,-10.6144371032715,1817.28564453125,34.3266105651855,"6",27583141,0.101859390735626
"131",109879,7060,40,"Beta-364580",288106.9247,6703728.046,7888,7900,5.54300355911255,675.194152832031,17.5621223449707,-11.1144371032715,1857.78649902344,33.9053382873535,"6",27785049,0.0873721539974213
"135",174289,6580,30,"Beta-398708",285084.2038,6616684.694,7475,7500,6.05156087875366,637.571044921875,16.9735679626465,-9.47453212738037,1666.06591796875,32.73779296875,"2",2187148,0.791780889034271
"144",174289,8190,30,"Beta-398707",285084.2038,6616684.694,9126,9100,3.70934724807739,734.580017089844,15.5622320175171,-17.6980991363525,1639.64086914062,33.6631088256836,"2",3169335.5,0.554897010326385
"145",174289,7220,30,"Beta-398714",285084.2038,6616684.694,8015,8000,4.42547035217285,698.96435546875,15.913236618042,-14.898099899292,1654.56628417969,33.9516220092773,"2",2639426.5,0.624472916126251
"148",175012,6230,30,"Beta-477305",284895.6883,6697070.755,7117,7100,6.45568752288818,610.251159667969,17.7495994567871,-6.66127681732178,1876.6640625,31.5156593322754,"3",6061730,0.752540707588196
"150",95608,5230,40,"Beta-285782",288997.0363,6694588.75,5984,6000,8.73020076751709,514.946594238281,18.9115905761719,0.264226317405701,1848.46105957031,32.0444984436035,"3",3984154.5,0.946098685264587
"151",175012,4980,40,"Poz-96542",284895.6883,6697070.755,5698,5700,7.36462020874023,563.657958984375,17.9829978942871,-3.6690194606781,1943.05517578125,31.5331363677979,"3",6828558,0.803871333599091
"157",95602,4100,80,"Beta-67780",288961.1326,6694606.056,4625,4600,8.31564140319824,533.874145507812,18.4170837402344,-1.72926676273346,1840.47399902344,30.0319786071777,"3",4363162.5,0.926759243011475
"158",91277,6090,40,"Poz-19336",355006.7965,6693012.414,6954,7000,3.77844214439392,806.575500488281,18.6262531280518,-13.9499998092651,1555.69897460938,37.8454513549805,"5",12401367,0.551951229572296
"159",15917,5439,137,"TUa-5855",324940.5808,6728568.175,6215,6200,4.56132984161377,721.928894042969,18.0981616973877,-11.9727725982666,1960.62451171875,33.5472640991211,"5",18456912.5,0.392413467168808
"160",91277,6340,40,"Poz-19342",355006.7965,6693012.414,7263,7300,2.72109842300415,852.325500488281,18.4262542724609,-17.7737464904785,1550.93640136719,37.8164367675781,"5",12686357.5,0.444594264030457
"161",6716,4930,80,"T-3578",291751.3381,6629398.565,5674,5700,6.68342399597168,562.049865722656,16.9797973632812,-4.5016622543335,2006.37292480469,31.5981769561768,"6",33282995.5,0.093708761036396
"163",174289,7080,40,"Beta-398715",285084.2038,6616684.694,7898,7900,5.62452268600464,661.563049316406,17.0254669189453,-11.6981000900269,1700.03686523438,34.7110557556152,"2",2397523,0.727550029754639
"164",106016,4435,45,"Tua-6919",299758.2171,6612463.327,5045,5000,7.52927589416504,566.638000488281,17.8312110900879,-3.49739718437195,1838.62194824219,31.6027317047119,"3",4216380,0.873582363128662
"165",15917,6420,40,"Poz-11990",324940.5808,6728568.175,7349,7300,3.50234150886536,784.985778808594,17.840051651001,-15.2146635055542,1943.72119140625,34.2552223205566,"5",17879779.5,0.3114914894104
"166",15917,3860,35,"Poz 11993",324940.5808,6728568.175,4285,4300,5.2852611541748,674.984741210938,17.9400520324707,-9.13717555999756,2058.65625,33.1485176086426,"5",21224371,0.403762012720108
"169",15917,6230,140,"T-2127",324940.5808,6728568.175,7111,7100,4.85018253326416,718.031066894531,18.6400508880615,-10.2049741744995,1985.52770996094,33.1593742370605,"5",18902399.5,0.405095398426056
"170",15917,6120,90,"T-1959",324940.5808,6728568.175,7000,7000,4.4617338180542,738.786315917969,17.930362701416,-11.7146635055542,1964.78674316406,33.5961837768555,"5",18613434,0.381101995706558
"172",96505,3980,70,"Beta-72874",295207.1439,6627235.166,4444,4400,7.68249320983887,556.908752441406,17.9459667205811,-3.04999995231628,1645.24206542969,29.8751029968262,"3",278227,0.952271282672882
"173",113777,4130,30,"Beta-344210",289288,6695969,4675,4700,8.74047183990479,523.245178222656,19.0236988067627,-0.676300883293152,1847.29370117188,31.300365447998,"5",9056414.5,0.884987771511078
"176",113777,4480,30,"Beta-344211",289288,6695969,5168,5200,6.51157283782959,617.371398925781,17.75,-7.58294868469238,1796.83642578125,28.0430660247803,"5",8484640,0.700907766819
"177",175012,5970,30,"Beta-468509",284895.6883,6697070.755,6800,6800,6.08873701095581,648.6328125,17.8829975128174,-9.16901969909668,1850.37243652344,31.8456230163574,"3",6082979,0.730328559875488
"180",107943,5940,90,"Beta-41711",294675,6716320,6773,6800,5.99515628814697,680.744445800781,18.4581241607666,-9.75812339782715,1874.3193359375,32.5956954956055,"5",11418275,0.59300285577774
"181",174289,6940,30,"Beta-398705",285084.2038,6616684.694,7761,7800,4.99464178085327,689.103332519531,16.625467300415,-14.0980997085571,1692.849609375,33.4438438415527,"2",2288270.5,0.663290619850159
"184",138737,6905,25,"TRa-14857",289973.5272,6696418.933,7726,7700,5.82660961151123,686.196960449219,18.0064353942871,-10.7704477310181,1767.18273925781,34.2131385803223,"3",3538227,0.754399418830872
"187",15917,4000,90,"T-1960",324940.5808,6728568.175,4478,4500,5.88552331924438,654.804931640625,18.5303630828857,-6.80497407913208,2045.62475585938,31.5774440765381,"5",21103007.5,0.470162987709045
"188",15917,4170,90,"T-2129",324940.5808,6728568.175,4689,4700,7.00070571899414,622.898864746094,19.2303619384766,-4.50497436523438,2036.0146484375,32.4344329833984,"5",20664220.5,0.595732927322388
"190",112335,7585,95,"T-19359",319931.094,6629249.098,8385,8400,2.6003999710083,804.977233886719,16.4639225006104,-18.9188613891602,1914.615234375,34.4072189331055,"5",17029184,0.258963733911514
"191",6716,4890,60,"T-3577",291751.3381,6629398.565,5631,5600,6.91256427764893,550.371765136719,16.7129192352295,-3.70166206359863,1986.48962402344,30.7685203552246,"6",33348253.5,0.103620164096355
"192",15917,6000,100,"T-1958",324940.5808,6728568.175,6847,6800,4.50850486755371,759.140930175781,18.430362701416,-12.6468639373779,1943.85229492188,32.8195648193359,"5",18023080.5,0.396897971630096
"193",15917,5160,90,"T-2128",324940.5808,6728568.175,5917,5900,7.0236873626709,621.068603515625,19.4625644683838,-4.0146632194519,1994.40197753906,32.0539207458496,"5",19213435.5,0.626607656478882
"194",15917,6440,35,"Poz-11991",324940.5808,6728568.175,7363,7400,3.85475277900696,751.763977050781,17.8078498840332,-13.4146633148193,1951.52770996094,33.2588233947754,"5",18177161.5,0.335860520601273
"195",175012,6030,30,"Beta-477301",284895.6883,6697070.755,6872,6900,5.97869634628296,662.576049804688,17.7018184661865,-9.96901893615723,1834.52758789062,31.7353515625,"3",6010545,0.728615641593933
"197",174289,6490,30,"Beta-398706",285084.2038,6616684.694,7372,7400,5.63277864456177,648.403991699219,16.625467300415,-10.5377683639526,1672.5849609375,33.9566535949707,"2",2126854.5,0.745178818702698
"198",107943,5300,85,"Beta-41719",294684.5473,6716317.568,6087,6100,6.91087484359741,623.850341796875,18.3597507476807,-6.55975008010864,1900.9775390625,32.4489860534668,"5",11762520.5,0.676842510700226
"199",15917,4400,80,"T-1961",324940.5808,6728568.175,5018,5000,6.02624034881592,647.493103027344,18.498161315918,-6.12435150146484,2039.27136230469,31.838903427124,"5",20248737.5,0.488629579544067
"200",15917,6275,50,"TUa-5858",324940.5808,6728568.175,7202,7200,4.33109474182129,750.076110839844,18.5303630828857,-12.4146633148193,1964.55895996094,35.9583129882812,"5",18474959,0.369625896215439
"201",95608,7550,50,"Beta-285775",288997.0363,6694588.75,8362,8400,3.82622957229614,737.629516601562,16.3115901947021,-15.3884105682373,1680.63781738281,31.8233757019043,"3",2293347.5,0.59047132730484
"202",95608,6240,40,"Beta-285776",288997.0363,6694588.75,7161,7200,6.01474571228027,656.220275878906,17.75,-9.23577404022217,1768.45483398438,34.9705467224121,"3",2911761,0.773002982139587
"207",174289,6140,30,"Beta-398713",285084.2038,6616684.694,7038,7000,6.30871677398682,624.242614746094,17.2254676818848,-7.87453174591064,1677.42456054688,33.048755645752,"2",2038294.5,0.810409724712372
"208",174289,6360,30,"Beta-396831",285084.2038,6616684.694,7283,7300,5.18486022949219,678.603210449219,16.625467300415,-12.398099899292,1658.43359375,33.2428436279297,"2",2175839.5,0.70587694644928
"209",109879,6670,40,"Beta-364584",288106.9247,6703728.046,7534,7500,5.86823654174805,650.701049804688,17.585563659668,-9.21443653106689,1829.68200683594,32.2081756591797,"6",27528402.5,0.100644797086716
"210",175012,4410,40,"Poz-96369",284895.6883,6697070.755,4990,5000,7.58645153045654,545.080261230469,17.8018188476562,-2.69467687606812,1941.46691894531,29.9873085021973,"3",7232785,0.825694382190704
"211",175003,6130,40,"Poz-106881",284958.6406,6697160.238,7017,7000,6.12740278244019,631.334655761719,17.5364627838135,-7.90676784515381,1844.26928710938,31.7689800262451,"3",5379135,0.738296985626221
"215",109879,7150,0,"Beta-364585",288106.9247,6703728.046,7969,8000,4.4213695526123,708.430847167969,16.585563659668,-14.1144371032715,1806.47033691406,33.4979209899902,"6",27775242,0.0689245834946632
"216",109879,7520,40,"Beta-364583",288106.9247,6703728.046,8343,8300,3.78123354911804,728.779968261719,15.8193016052246,-15.5144367218018,1769.26782226562,32.6240501403809,"6",28146444,0.0609357580542564
"218",175012,5620,30,"Beta-477303",284895.6883,6697070.755,6392,6400,6.75691509246826,620.585998535156,18.0495986938477,-7.20241975784302,1864.57165527344,32.1685562133789,"3",6383894,0.790543973445892
"220",175012,4865,35,"Poz-106707",284895.6883,6697070.755,5595,5600,7.54816722869873,553.439086914062,17.7018184661865,-3.00241947174072,1912.80590820312,31.0658760070801,"3",6827234.5,0.837885558605194
"223",175003,5550,40,"Poz-106709",284958.6406,6697160.238,6345,6300,6.27703666687012,621.324340820312,17.5553855895996,-7.92777490615845,1830.29504394531,31.5011310577393,"3",5452064,0.762612223625183
"225",138737,7005,30,"TRa-14867",289973.5272,6696418.933,7843,7800,4.93202352523804,704.247924804688,17.2295532226562,-13.7935657501221,1800.82287597656,32.5453300476074,"3",3404610,0.63563084602356
"227",174289,9210,30,"Beta-386061",285084.2038,6616684.694,10362,10400,2.24197244644165,771.094848632812,13.5735673904419,-21.9981002807617,1717.85864257812,33.3844871520996,"2",2764687,0.364741086959839
"229",175012,5730,40,"Poz-96630",284895.6883,6697070.755,6525,6500,7.53409910202026,564.131286621094,18.2495994567871,-3.05020046234131,1892.01806640625,32.6599311828613,"3",6423545.5,0.847614884376526
"232",138737,6120,20,"TRa-14852",289973.5272,6696418.933,6990,7000,6.08247852325439,643.471374511719,17.7064342498779,-8.19356536865234,1801.53137207031,32.4150428771973,"3",4232259.5,0.760050296783447
"236",107943,4850,140,"Beta-41716",294684.5473,6716317.568,5581,5600,7.41920852661133,582.230834960938,18.25,-3.75,1931.58752441406,31.559196472168,"5",12186502.5,0.712284922599792
"237",107943,5440,110,"Beta-41715",294684.5473,6716317.568,6219,6200,6.06544780731201,650.281677246094,18.0499992370605,-9.05000019073486,1891.78247070312,33.2047386169434,"5",11710348.5,0.589230120182037
"238",108552,5250,40,"Tua-4072",373837.0465,6717351.549,6017,6000,5.93716669082642,697.078125,20.1499996185303,-6.25,1185.23425292969,34.2314376831055,"7",28891105.5,0.180362060666084
"240",94922,4250,100,"T-6576",272883.8968,6727415.198,4785,4800,8.02546501159668,530.481811523438,18.25,-2.61350274085999,1743.3662109375,30.9817924499512,"2",3300530,0.917044579982758
"242",94922,5360,120,"T-6571",272883.8968,6727415.198,6133,6100,7.38676738739014,573.103881835938,17.8509292602539,-5.05000019073486,1735.30725097656,30.8777770996094,"2",2805702.5,0.875305950641632
"243",94922,4370,90,"T-6569",272883.8968,6727415.198,4985,5000,7.93186569213867,523.81298828125,17.8509292602539,-1.85000002384186,1792.6708984375,30.1873817443848,"2",3226572.5,0.891204297542572
"265",114632,4420,30,"Beta-366705",281235.4453,6681417.499,5002,5000,7.84499502182007,536.110595703125,17.7718124389648,-2.25,1878.61755371094,29.6909580230713,"3",3869934.5,0.879638493061066
"266",174695,6050,35,"Poz-106815",285615,6697560,6899,6900,6.09217405319214,668.670471191406,17.9156837463379,-9.98431587219238,1781.56652832031,31.7574291229248,"3",3718444.5,0.773072123527527
"267",114632,4760,30,"Beta-366163",281235.4453,6681417.499,5524,5500,7.033935546875,581.009582519531,17.7718124389648,-5.84999990463257,1851.05383300781,29.8829898834229,"3",3671909,0.824741244316101
"270",94922,5060,100,"T-6557",272883.8968,6727415.198,5799,5800,8.14311790466309,529.930603027344,18.4140357971191,-2.41257476806641,1765.41540527344,30.3513431549072,"2",3134369,0.91636461019516
"271",114632,4130,30,"Beta-366165",281235.4453,6681417.499,4675,4700,8.9205265045166,499.821166992188,18.6718120574951,-0.0500000007450581,1872.83569335938,30.6845016479492,"3",3839264.5,0.948219358921051
"272",114632,4110,30,"Beta-366166",281235.4453,6681417.499,4632,4600,8.50295066833496,511.773132324219,18.0936260223389,-1.04999995231628,1849.27197265625,29.1681118011475,"3",3730401,0.934314370155334
"280",128703,8650,45,"Tra-153",299493.8991,6713195.431,9607,9600,3.25128078460693,773.682067871094,16.1188068389893,-17.7655963897705,2039.62841796875,33.9244041442871,"5",15285328.5,0.251623898744583
"282",161324,3940,30,"Beta-323499",301272.9598,6694531.827,4380,4400,6.81959629058838,580.927307128906,17.8135166168213,-4.34999990463257,2340.48754882812,31.2967319488525,"7",107229310.5,0.0332745127379894
"287",94922,5550,140,"T-6974",272883.8968,6727415.198,6348,6300,6.60174179077148,596.66357421875,17.4509296417236,-6.94999980926514,1718.36767578125,31.128303527832,"2",2737921.5,0.815815687179565
"292",128703,4485,35,"Tra-151",299493.8991,6713195.431,5162,5200,5.79321479797363,640.825439453125,17.6110095977783,-8.76559638977051,2156.72021484375,29.6740951538086,"5",19862938.5,0.394097983837128
"293",128703,5120,35,"Tra-152",299493.8991,6713195.431,5832,5800,7.15668964385986,588.113098144531,18.5188064575195,-4.56559658050537,2155.9541015625,32.0674247741699,"5",19393579,0.531156659126282
"302",94922,4630,50,"T-6572",272883.8968,6727415.198,5393,5400,7.20565748214722,567.755004882812,17.4140357971191,-4.84999990463257,1755.39013671875,30.0050029754639,"2",2933218.5,0.8508340716362
"303",94922,5660,100,"T-6973",272883.8968,6727415.198,6455,6500,7.85165643692017,542.556945800781,18.3140354156494,-2.21350288391113,1754.49975585938,32.1794471740723,"2",3151889,0.901363611221313
"307",6477,8530,13,"Ua-891",280411.4449,6739309.806,9524,9500,4.46298265457153,729.530639648438,16.25,-15.2384223937988,1751.11572265625,34.0735626220703,"3",3931727,0.615852653980255
"308",6477,4920,50,"T-7337",280411.4449,6739309.806,5648,5600,7.68157863616943,549.311767578125,17.9500007629395,-2.73842215538025,1915.23156738281,31.0231266021729,"3",6221325.5,0.848313570022583
"309",6477,4760,100,"T-7390",280411.4449,6739309.806,5483,5500,6.95561408996582,583.928283691406,18.0499992370605,-5.84999990463257,1915.34729003906,30.9248332977295,"3",6045744.5,0.780027687549591
"310",6477,7890,70,"T-7512",280411.4449,6739309.806,8730,8700,3.49311375617981,726.610717773438,15.3500003814697,-16.4384231567383,1801.46313476562,32.9961624145508,"3",4882947,0.479493677616119
"312",6477,7080,130,"T-7527",280411.4449,6739309.806,7894,7900,5.80657863616943,659.231140136719,17.6499996185303,-10.1384220123291,1888.57885742188,33.5115394592285,"3",4837658,0.674832820892334
"313",6477,7140,90,"T-7762",280411.4449,6739309.806,7957,8000,4.71763134002686,690.281616210938,16.5499992370605,-12.9499998092651,1840.23156738281,33.000904083252,"3",4420243.5,0.586054384708405
"314",174289,6760,30,"Beta-419563",285084.2038,6616684.694,7614,7600,6.27431774139404,646.885009765625,17.125467300415,-9.77453231811523,1673.32019042969,33.0599174499512,"2",2234168.5,0.809374630451202
"321",107943,5710,140,"Beta-41723",294684.5473,6716317.568,6515,6500,7.41798973083496,593.45556640625,18.8500003814697,-3.75975012779236,1912.78247070312,33.715274810791,"5",11758048.5,0.724371254444122
"323",107943,5475,70,"Beta-41720",294684.5473,6716317.568,6271,6300,6.13262462615967,646.43896484375,18.1499996185303,-8.5597505569458,1870.58752441406,33.0619430541992,"5",11430090.5,0.610694110393524
"324",138737,6285,25,"TRa-14854",289973.5272,6696418.933,7212,7200,5.94191884994507,657.374694824219,17.7295532226562,-9.29356575012207,1795.6796875,35.1289558410645,"3",3923537.5,0.748996198177338
"330",174695,6990,30,"Beta-477279",285623.4832,6697561.85,7824,7800,5.02589702606201,694.465881347656,17.1387882232666,-13.4859428405762,1811.15625,32.2125358581543,"3",3259929,0.639298737049103
"331",6477,7330,90,"T-7333",280411.4449,6739309.806,8136,8100,3.72644710540771,725.077270507812,16.1384220123291,-16.1499996185303,1790.23156738281,34.6209983825684,"3",4461201,0.510685086250305
"334",172352,4430,30,"Beta-361758",285797.4844,6731754.077,5021,5000,7.60922813415527,553.095092773438,18.1804466247559,-2.75113987922668,2028.0361328125,31.4049377441406,"3",9695975,0.776783466339111
"335",94845,7255,65,"Beta-44287",272234.5278,6719961.693,8081,8100,3.79438066482544,708.192077636719,15.7590293884277,-16.0433979034424,1690.89135742188,33.6191787719727,"1",6564317,0.472637146711349
"336",94846,4190,60,"Ua-2460",271365.5599,6720488.896,4714,4700,9.00234889984131,483.868927001953,18.6337585449219,0.333758533000946,1790.73547363281,31.0126457214355,"1",6085551,0.924922406673431
"339",126994,4850,40,"Tua-7964",271018.9341,6728412.298,5584,5600,7.89412403106689,528.120300292969,17.6499996185303,-2.11093306541443,1783.23327636719,30.4769420623779,"1",6296712,0.847014844417572
"341",107909,6030,100,"T-2587",294740.2781,6716780.035,6884,6900,5.8510684967041,695.7900390625,18.4564781188965,-10.6695098876953,1844.9755859375,33.0700950622559,"5",11112595.5,0.596386790275574
"345",107909,4050,80,"T-2946",294740.2781,6716780.035,4555,4600,8.05195617675781,553.789428710938,18.6564769744873,-2.28254365921021,1920.38952636719,30.4941120147705,"5",12461919,0.785460650920868
"348",174695,6170,40,"Beta 372613",285615,6697560,7067,7100,6.57250452041626,615.089111328125,17.9621105194092,-6.62464046478271,1821.48168945312,31.5368461608887,"3",3768186.5,0.797549903392792
"349",114632,4690,30,"Beta-366167",281235.4453,6681417.499,5391,5400,7.09825325012207,582.210632324219,17.4718132019043,-5.34999990463257,1836.83569335938,29.75901222229,"3",3505696,0.83821702003479
"352",114632,4580,30,"Beta-366074",281235.4453,6681417.499,5304,5300,7.62885999679565,540.079772949219,17.893627166748,-2.84999990463257,1893.27197265625,30.3917007446289,"3",3621857,0.855081796646118
"353",174695,6580,30,"Beta-477275",285615,6697560,7475,7500,5.97464561462402,645.282043457031,17.4753589630127,-9.03788948059082,1788.06030273438,31.3795986175537,"3",3581679.5,0.757079124450684
"355",138737,6155,25,"TRa-14858",289973.5272,6696418.933,7059,7100,6.46663236618042,624.062927246094,18.0295524597168,-6.89356517791748,1815.23181152344,32.3933258056641,"3",4113595,0.790771722793579
"356",138737,5650,20,"TRa-14859",289973.5272,6696418.933,6429,6400,6.78304719924927,634.705017089844,18.329553604126,-7.44395971298218,1814.62536621094,32.5815811157227,"3",4753954.5,0.821485996246338
"362",175012,5140,30,"Beta-477298",284895.6883,6697070.755,5907,5900,8.60802173614502,518.656494140625,18.8495979309082,-0.26127678155899,1909.14025878906,31.2459659576416,"3",7038109,0.919760823249817
"363",175012,5530,40,"Poz-96543",284895.6883,6697070.755,6332,6300,6.21592092514038,620.368896484375,17.4829978942871,-7.96127653121948,1847.6953125,31.4992275238037,"3",6279947.5,0.745496034622192
"367",174695,5990,50,"Poz-106746",285615,6697560,6828,6800,6.21391677856445,654.237731933594,18.0753593444824,-9.18431568145752,1797.56750488281,31.9726810455322,"3",3730265.5,0.77589339017868
"368",175012,5280,40,"Poz-106708",284895.6883,6697070.755,6073,6100,7.03674507141113,596.065795898438,17.8495979309082,-6.00241947174072,1876.85424804688,31.0541381835938,"3",6421462.5,0.810597717761993
"370",114632,4250,30,"Beta-375136",281235.4453,6681417.499,4835,4800,7.95984411239624,545.750671386719,18.1936264038086,-3.04999995231628,1817.61755371094,31.3263378143311,"3",3553016.5,0.913319528102875
"371",107893,6190,130,"T-2738",294722.5397,6716764.11,7072,7100,6.33941745758057,641.105346679688,18.3396701812744,-7.26625680923462,1887.53283691406,32.9780158996582,"5",11140454.5,0.622409701347351
"372",107943,4490,90,"Beta-41724",294684.5473,6716317.568,5133,5100,7.0725622177124,590.586303710938,18.5499992370605,-5.65000009536743,1951.78247070312,32.6242408752441,"5",12595856.5,0.660838901996613
"373",114632,4300,30,"Beta-366076",281235.4453,6681417.499,4857,4900,7.81999492645264,559.883728027344,18.1936264038086,-3.54999995231628,1821.27197265625,31.862096786499,"3",3637284.5,0.902619957923889
"375",108113,8725,60,"TUa-1880",285140.4707,6718344.706,9698,9700,3.34232187271118,755.259094238281,15.9499998092651,-17.5499992370605,1813.36462402344,35.1191558837891,"3",6000249,0.457085251808167
"378",6477,4580,80,"T-7150",280411.4449,6739309.806,5251,5300,7.53894710540771,542.354187011719,18.25,-2.84999990463257,1962.46313476562,31.0418338775635,"3",6215952,0.809309005737305
"379",175012,4820,40,"Poz-96544",284895.6883,6697070.755,5527,5500,6.77020788192749,589.122009277344,17.7495994567871,-6.25020027160645,1910.19897460938,30.5562057495117,"3",6805603,0.764309525489807
"380",175012,4450,30,"Beta 372608",284895.6883,6697070.755,5112,5100,7.16714763641357,562.652099609375,17.9495983123779,-4.95020055770874,1921.97778320312,31.2416458129883,"3",7074457.5,0.797053873538971
"385",175012,6110,40,"Poz-106738",284895.6883,6697070.755,6984,7000,6.06531238555908,629.93896484375,17.4495983123779,-7.95020008087158,1861.57348632812,31.769380569458,"3",6172230,0.720674872398376
"387",66731,7720,30,"Beta-542515",287969,6613705,8492,8500,3.58599948883057,741.744812011719,15.1682214736938,-18.4500007629395,1504.822265625,34.6018104553223,"2",868551,0.624752759933472
"388",66731,6620,30,"Beta-512320",287969,6613705,7506,7500,6.03953742980957,643.907165527344,17.0682201385498,-9.64999961853027,1576.29064941406,32.6702346801758,"2",595060,0.838530123233795
"393",175012,4530,30,"Beta-477302",284895.6883,6697070.755,5157,5200,6.41423606872559,606.098083496094,17.4018173217773,-7.45020055770874,1897.56433105469,27.6026172637939,"3",6900113,0.734989762306213
"395",6477,6800,90,"T-7153",280411.4449,6739309.806,7647,7600,6.33942985534668,641.207824707031,17.5499992370605,-8.75,1863,31.8981761932373,"3",5061231,0.748906016349792
"396",113939,7110,140,"T-3401",297147.6021,6685609.262,7927,7900,5.27719306945801,692.728271484375,17.6038017272949,-11.8961992263794,2152.08764648438,34.5218811035156,"5",17346858.5,0.351126313209534
"397",136277,4100,30,"Tra-1205",295458.2861,6692557.552,4611,4600,8.13301563262939,550.099487304688,18.5499992370605,-2.23427128791809,1922.88781738281,31.0620727539062,"5",12225626.5,0.792008817195892
"398",97715,3970,60,"T-15694",293927.3202,6664431.188,4430,4400,7.45191240310669,557.66357421875,17.8842086791992,-3.20353841781616,1861.1318359375,29.0820732116699,"3",5496936.5,0.85635244846344
"399",6719,4450,30,"Beta-512328",288022.2231,6613714.11,5112,5100,7.52545166015625,561.577575683594,17.7763557434082,-4.77635526657104,1623.22119140625,32.0433158874512,"2",405232.5,0.928402841091156
"400",95624,4690,140,"Beta-67775",288970,6694658,5393,5400,6.9451732635498,601.147766113281,17.9229927062988,-5.87700843811035,1806.08459472656,30.6034355163574,"3",3385240,0.840754270553589
"401",91277,5910,40,"Poz-19337",355006.7965,6693012.414,6729,6700,5.0806303024292,767.328491210938,19.7262535095215,-9.87374591827393,1551.22399902344,37.2338829040527,"5",11749619.5,0.698447287082672
"402",6719,4920,30,"Beta-512325",288022.2231,6613714.11,5638,5600,7.95484447479248,550.317932128906,17.6763553619385,-2.75,1618.48474121094,31.9489803314209,"2",389469.5,0.951506614685059
"403",91277,6620,40,"Poz-19340",355006.7965,6693012.414,7505,7500,3.58578634262085,802.506652832031,18.7262535095215,-14.6737451553345,1530.98657226562,35.4846839904785,"5",12064674.5,0.546010732650757
"405",45758,4640,30,"Beta-512334",288090,6613746,5408,5400,7.14643239974976,590.604919433594,17.4877433776855,-5.65000009536743,1600.58374023438,31.2450942993164,"2",350382,0.91321063041687
"406",95707,6200,40,"Beta-287953",293620.1901,6694660.446,7085,7100,6.34160184860229,632.708679199219,18.0747566223145,-7.2082462310791,1877.67260742188,33.4251480102539,"3",6669232.5,0.739915609359741
"407",15917,4255,40,"TUa-6755",324940.5808,6728568.175,4833,4800,6.09479427337646,662.975830078125,18.8303623199463,-7.11466312408447,1980.11157226562,33.0960426330566,"5",19846151,0.534185647964478
"408",174641,4230,30,"Beta-369320",293462.3271,6692205.635,4804,4800,7.60409927368164,575.677368164062,18.5387096405029,-3.96129035949707,1973.75805664062,32.8934745788574,"3",10096556,0.808971345424652
"409",113901,4060,70,"Beta-196386",293820.4365,6691808.835,4567,4600,8.09754943847656,543.931884765625,18.4500007629395,-2.11985230445862,1995.220703125,31.4664115905762,"3",10049182.5,0.842274010181427
"416",6477,7440,110,"T-7528",280411.4449,6739309.806,8246,8200,3.82179808616638,707.172485351562,15.3500003814697,-14.75,1789.46313476562,33.0721015930176,"3",4632518,0.521279513835907
"418",6477,8880,150,"T-6233",280411.4449,6739309.806,9947,9900,4.15609645843506,723.728576660156,15.8500003814697,-15.3500003814697,1867.46313476562,34.5580406188965,"3",4475258.5,0.507801532745361
"419",6477,7450,100,"T-7332",280411.4449,6739309.806,8256,8300,4.11714935302734,709.354919433594,15.8500003814697,-14.25,1807.34729003906,32.4111366271973,"3",4483576,0.54168313741684
"420",95514,6810,30,"Beta-354391",275273.0396,6715606.539,7641,7600,6.44887685775757,631.707702636719,17.3500003814697,-8.60228824615479,1745.48205566406,31.8514041900635,"3",1493248.5,0.828028082847595
"421",15917,5260,80,"T-2196",324940.5808,6728568.175,6055,6100,5.3871374130249,696.251342773438,18.340051651001,-9.41466331481934,1980.07739257812,32.7747077941895,"5",19205243,0.460424929857254
"422",6724,3890,50,"Beta-72873",294188.7861,6628424.704,4318,4300,7.05670690536499,577.486755371094,17.4062366485596,-5.5238037109375,1704.20092773438,30.7525234222412,"3",635847.5,0.897071123123169
"423",6477,6620,100,"T-7528 (sic!)",280411.4449,6739309.806,7504,7500,6.09039449691772,635.478637695312,17.5499992370605,-8.35000038146973,1851.34729003906,31.4434185028076,"3",4988765.5,0.729886949062347
"424",136964,7230,40,"Beta-286284",297576.4258,6692466.801,8031,8000,4.17468070983887,729.322448730469,16.7685012817383,-14.9314985275269,1821.76062011719,34.022632598877,"5",10430394,0.434466898441315
"425",6719,7110,30,"Beta-512322",288022.2231,6613714.11,7942,7900,5.64525985717773,668.285522460938,17.1763553619385,-11.8500003814697,1607.09521484375,34.6162643432617,"2",553803.5,0.784755647182465
"426",45758,4080,30,"Beta-512329",288090,6613746,4571,4600,8.64229869842529,517.468811035156,18.0877418518066,-1.35000002384186,1615.45153808594,30.5796966552734,"2",376130,0.976345002651215
"427",6719,6820,30,"Beta-512323",288022.2231,6613714.11,7647,7600,6.27568101882935,654.901245117188,17.2763557434082,-9.94999980926514,1578.11267089844,33.1949005126953,"2",526782,0.85804009437561
"428",6477,6930,90,"T-7515",280411.4449,6739309.806,7767,7800,5.21346473693848,683.106201171875,17.25,-12.6499996185303,1885.57885742188,32.6240653991699,"3",4645689.5,0.611028671264648
"429",174695,6810,30,"Beta-477293",285615,6697560,7641,7600,6.2081413269043,652.949645996094,17.4753589630127,-9.38431644439697,1789.16333007812,31.7569599151611,"3",3428775,0.78029328584671
"430",174695,6840,50,"Poz-106745",285615,6697560,7671,7700,5.92809677124023,676.192077636719,17.9156837463379,-10.4843158721924,1770.91064453125,33.6519546508789,"3",3184214,0.762659192085266
"435",96437,8940,60,"Beta-95512",295443.3136,6627288.337,10051,10100,3.0663914680481,786.417297363281,15.4182777404785,-19.7162075042725,1625.06372070312,33.2940826416016,"3",387339,0.542068839073181
"436",172350,4380,30,"Beta-361759",285773.1117,6731748.197,4934,4900,7.56010341644287,575.631042480469,18.570686340332,-3.94802236557007,1977.13171386719,32.9838104248047,"3",9771348,0.80276745557785
"437",6477,4280,60,"T-6239",280411.4449,6739309.806,4849,4800,7.87083339691162,548.980346679688,18.5499992370605,-3.13842225074768,1884.11572265625,31.8176383972168,"3",6113249.5,0.879096269607544
"438",6477,6030,100,"T-7152",280411.4449,6739309.806,6884,6900,6.20561408996582,659.207153320312,17.9500007629395,-9.44999980926514,1851.46313476562,32.632396697998,"3",5377808,0.742050409317017
"439",6477,6210,100,"T-7516",280411.4449,6739309.806,7095,7100,6.67548227310181,606.683898925781,18.0499992370605,-6.15000009536743,1894.23156738281,32.266170501709,"3",5511781.5,0.764426410198212
"441",136277,6035,40,"Tra-1202",295458.2861,6692557.552,6879,6900,5.8825569152832,692.859802246094,18.3023624420166,-10.7342710494995,1845.40490722656,33.5027351379395,"5",11008216.5,0.599589347839355
"442",96437,6370,50,"Beta-93904",295443.3136,6627288.337,7296,7300,5.00416231155396,701.456115722656,16.9193840026855,-13.0151023864746,1589.86401367188,32.4384231567383,"3",276860,0.774483442306519
"446",160864,6010,30,"Beta-331509",284674.1191,6697408.285,6849,6800,6.23606443405151,650.544616699219,18.0482387542725,-9.06595611572266,1793.12805175781,31.8699951171875,"3",3503235.5,0.780759811401367
"448",35751,5580,90,"T-3371",279615.0569,6707286.398,6374,6400,7.02873277664185,613.116638183594,18.2082843780518,-6.70460033416748,1759.6708984375,32.4785270690918,"2",4062268,0.833060681819916
"450",175012,4585,35,"Poz-96499",284895.6883,6697070.755,5306,5300,7.36405944824219,547.926025390625,17.9018173217773,-3.25020051002502,1956.56799316406,30.7012939453125,"3",6917921.5,0.795853316783905
"453",113777,4100,30,"Beta - 315311",289288,6695969,4611,4600,8.31067180633545,535.290344238281,18.4500007629395,-1.75,1829.50109863281,30.049861907959,"5",9186853.5,0.859266519546509
"456",174695,5520,30,"Beta-477287",285615,6697560,6312,6300,6.33399105072021,624.189453125,17.6753597259521,-7.92464017868042,1792.82385253906,31.5916900634766,"3",3883963.5,0.790701448917389
"458",174695,6310,30,"Beta-477290",285615,6697560,7214,7200,6.05013751983643,648.602111816406,17.6156826019287,-9.0246410369873,1802.54943847656,34.7725715637207,"3",3598155.5,0.756074845790863
"459",174695,6340,30,"Beta-477274",285615,6697560,7262,7300,5.19394111633301,684.494140625,17.0753593444824,-11.7632484436035,1786.96398925781,32.5019798278809,"3",3442497.5,0.673694372177124
"461",174695,5640,30,"Beta-477268",285615,6697560,6420,6400,6.88199377059937,625.178833007812,18.2621116638184,-7.13788938522339,1810.86682128906,32.1966896057129,"3",4088689.5,0.832587599754333
"462",107943,6590,150,"Beta-29001",294675,6716320,7476,7500,5.76914072036743,667.949768066406,17.9581241607666,-9.55812358856201,1849.3193359375,32.1657333374023,"5",10768951.5,0.584490478038788
"463",45758,4390,30,"Beta-512330",288090,6613746,4943,4900,7.91057014465332,567.571105957031,18.0877418518066,-3.95000004768372,1589.22204589844,33.0099792480469,"2",375999.5,0.956677496433258
"464",91277,5547,39,"Ua-45246",355006.7965,6693012.414,6343,6300,3.8774528503418,784.293823242188,19.0262546539307,-13.9737453460693,1523.46142578125,35.161563873291,"5",12357575,0.582463622093201
"465",91275,7930,50,"Poz-15917",355132.9585,6693027.47,8775,8800,-0.0312817357480526,856.02880859375,15.3500003814697,-22.492696762085,1970.09228515625,40.512638092041,"5",27265378,0.115113392472267
"466",174695,5850,40,"Beta 372612",285615,6697560,6667,6700,7.38884544372559,595.520446777344,18.4753589630127,-4.18431615829468,1836.94494628906,32.1854019165039,"3",4212239,0.86306220293045
"467",96281,5030,60,"Beta-48159",281898.7178,6643250.218,5778,5800,8.22883415222168,538.74267578125,18.149263381958,-2.35022664070129,1714.18579101562,31.7996940612793,"2",1687744.5,0.938332974910736
"469",138527,5750,40,"Beta-286530",299996.1773,6713813.059,6548,6500,7.16270732879639,607.002014160156,18.8003387451172,-4.2665867805481,1954.56860351562,33.6833763122559,"5",13460234.5,0.66894543170929
"470",175012,4360,60,"Poz-96628",284895.6883,6697070.755,4945,4900,7.55417919158936,567.474243164062,18.2018184661865,-3.90241956710815,1889.42956542969,31.8591690063477,"3",7159823,0.850681900978088
"471",91277,6190,40,"Poz-19339",355006.7965,6693012.414,7079,7100,4.1534423828125,783.266052246094,19.2262535095215,-12.2737455368042,1576.74914550781,35.7649612426758,"5",12487633.5,0.580065548419952
"472",107943,6490,100,"Beta-41718",294675,6716320,7389,7400,5.3653130531311,679.777160644531,17.5499992370605,-10.4581232070923,1872.23803710938,33.288703918457,"5",11100790,0.525738775730133
"473",95150,4060,90,"T-6115",276788.4336,6713692.116,4570,4600,8.51672267913818,509.018249511719,18.25,-0.949549853801727,1808.94152832031,29.8238220214844,"1",7591717.5,0.885224044322968
"474",60624,3950,80,"Beta-239457",306848.3123,6660970.979,4392,4400,6.90903091430664,587.022827148438,17.9500007629395,-4.34999990463257,2136.017578125,30.760913848877,"5",18687325.5,0.518104553222656
"475",91277,5970,45,"Tra-4337",355006.7965,6693012.414,6803,6800,3.82328629493713,827.870788574219,19.1262531280518,-15.0737457275391,1545.46142578125,36.3734130859375,"5",12366166,0.563073098659515
"476",95602,3980,60,"Beta-56847",288961.1326,6694606.056,4445,4400,7.5585880279541,554.775451660156,18.0499992370605,-3.04999995231628,1833.021484375,29.4636383056641,"3",4065911.5,0.878468096256256
"478",174695,5280,30,"Beta-477281",285623.4832,6697561.85,6078,6100,7.14980745315552,599.872680664062,18.0140571594238,-5.98594284057617,1820.01220703125,31.1373023986816,"3",4044690,0.851409137248993
"480",95150,4330,110,"T-6114",276788.4336,6713692.116,4937,4900,7.85844564437866,553.505798339844,18.3495502471924,-3.25,1784.94592285156,32.3725395202637,"1",7655313,0.84302419424057
"481",175003,6010,40,"Poz-106880",284958.6406,6697160.238,6849,6800,6.15185880661011,650.020263671875,17.9553852081299,-9.13534736633301,1832.92150878906,31.865421295166,"3",5262793.5,0.747970700263977
"483",94837,4850,90,"Ua-2452",271423.2305,6720767.569,5579,5600,7.9055757522583,529.533569335938,17.6499996185303,-2.08799195289612,1772.54663085938,30.6911811828613,"1",5952367,0.85337507724762
"485",212083,7860,30,"Beta-407676",292243.0679,6708998.334,8633,8600,3.5911386013031,754.6533203125,16.05006980896,-17.5499992370605,1734.771484375,33.9250946044922,"5",9617437,0.427293926477432
"486",99924,5410,65,"Tua-6170",296729.8306,6651619.71,6207,6200,5.20930528640747,634.955932617188,16.6144351959229,-9.97847938537598,2075.30639648438,32.8416366577148,"6",42164002,0.0539299547672272
"487",138439,4570,40,"Beta-286520",300573.5793,6713626.715,5248,5200,6.0621280670166,646.669860839844,17.9582328796387,-8.5958833694458,1936.71801757812,29.0798282623291,"5",13454997,0.559177696704865
"488",15917,6630,40,"Poz-11994",324940.5808,6728568.175,7512,7500,4.28230476379395,742.068237304688,18.2981605529785,-12.4146633148193,1931.33642578125,32.0434761047363,"5",17831247,0.383187085390091
"489",95728,6650,110,"T-2757",279132.2892,6707813.086,7526,7500,6.11565732955933,631.669616699219,17.3500003814697,-8.54864025115967,1744.66430664062,31.0924072265625,"2",3828954,0.752162992954254
"490",94860,4180,70,"Ua-2461",271500.3464,6720388.021,4703,4700,8.98811531066895,483.856048583984,18.6109848022461,0.310984492301941,1795.97351074219,31.0258274078369,"1",6300963.5,0.922250986099243
"491",6477,5550,80,"T-7518",280411.4449,6739309.806,6349,6300,6.45192956924438,612.193359375,17.7384223937988,-7.43842172622681,1855.46313476562,32.1553153991699,"3",5327600.5,0.765243232250214
"493",108585,4610,70,"Beta-78820",297852.6379,6628045.601,5327,5300,7.43932008743286,573.625,18.1310253143311,-3.95006585121155,1731.32946777344,31.5160121917725,"2",2336432,0.881163716316223
"494",111334,5980,100,"T-19311",272258.7861,6724789.007,6824,6800,6.4822940826416,626.343383789062,17.9236717224121,-8.12366962432861,1671.31213378906,31.141321182251,"3",309650,0.867862164974213
"497",175012,4640,30,"Beta-477296",284895.6883,6697070.755,5408,5400,6.84999132156372,589.888671875,17.5829982757568,-5.75020027160645,1896.26538085938,30.3941383361816,"3",6629790,0.780934393405914
"499",95602,4300,120,"Beta-56846",288961.1326,6694606.056,4887,4900,7.6659517288208,579.469055175781,18.5170841217041,-4.02926683425903,1809.85144042969,31.9754905700684,"3",4036967,0.896580636501312
"500",175006,6105,35,"Poz-106878",284955,6697170,6975,7000,6.13077735900879,631.369323730469,17.5410118103027,-7.9044942855835,1842.60241699219,31.7717323303223,"3",5315760.5,0.739701867103577
"504",175002,5330,40,"Beta-372609",285073.5277,6697164.257,6110,6100,7.12233781814575,597.835144042969,17.9701366424561,-5.94971513748169,1855.6865234375,31.0424880981445,"3",5393215,0.830313384532928
"507",138527,5780,40,"Beta-286529",299996.1773,6713813.059,6581,6600,6.68753957748413,642.186645507812,18.5878715515137,-7.07070684432983,1955.74011230469,32.9725303649902,"5",13377974.5,0.615421235561371
"508",6477,4410,90,"T-7339",280411.4449,6739309.806,5036,5000,7.77372789382935,541.562316894531,18.1499996185303,-2.33842206001282,1941.11572265625,30.7107524871826,"3",6248780.5,0.842732489109039
"509",94838,7610,70,"Ua-2455",271323.0217,6720951.923,8410,8400,4.19882678985596,698.388122558594,15.8446950912476,-13.8597345352173,1688.49145507812,31.9197196960449,"1",6206093,0.516177654266357
"511",174695,6480,35,"Poz-106816",285615,6697560,7371,7400,5.57503461837769,654.905700683594,17.0410442352295,-9.88431644439697,1791.10900878906,32.5499992370605,"3",3418299.5,0.712736546993256
"514",95602,4350,80,"Beta-67785",288961.1326,6694606.056,4952,5000,7.6981258392334,556.341491699219,18.1170825958252,-2.82926678657532,1855.35339355469,30.4556255340576,"3",3905722,0.879008769989014
"520",174695,6110,40,"Poz-106795",285615,6697560,6984,7000,6.18917083740234,634.338500976562,17.6156826019287,-7.88431596755981,1805.52368164062,31.8630619049072,"3",3813302.5,0.768609344959259
"523",175012,6550,40,"Poz-96639",284895.6883,6697070.755,7462,7500,5.85323476791382,641.210266113281,17.2907428741455,-9.06901931762695,1840.07177734375,31.2144298553467,"3",5807984,0.711573123931885
"525",35751,4070,80,"T-3368",279615.0569,6707286.398,4585,4600,8.47731018066406,513.005004882812,18.25,-1.04999995231628,1803.64343261719,29.4566688537598,"2",4679056.5,0.923090040683746
"526",6309,6940,110,"T-3568",279002.5482,6707516.028,7777,7800,5.16345119476318,680.422241210938,17.0334854125977,-12.9499998092651,1790.02001953125,32.3050880432129,"2",4161649,0.619312345981598
"528",174695,5680,30,"Beta-477289",285615,6697560,6457,6500,7.6533989906311,568.016296386719,18.4621105194092,-2.98431587219238,1836.42065429688,32.7314186096191,"3",4183433,0.884173214435577
"530",138422,7150,40,"Beta-286524",299935,6713960,7970,8000,4.1411566734314,738.699645996094,17.1194477081299,-14.9059505462646,1874.66931152344,33.486515045166,"5",11498818,0.401388764381409
"531",95602,4040,170,"Beta-62955",288961.1326,6694606.056,4526,4500,7.66021537780762,557.804260253906,18.1170825958252,-3.08291602134705,1853.09448242188,30.0903224945068,"3",3922064,0.877111673355103
"532",99962,5770,40,"Beta-222500",283684.2044,6671882.686,6571,6600,7.3220009803772,595.183410644531,18.0499992370605,-5.71734952926636,1808.20532226562,31.0002918243408,"1",7534564,0.779298484325409
"533",96353,4110,60,"Beta-98447",294278.6226,6628442.048,4640,4600,8.41503143310547,533.745788574219,18.1885013580322,-1.85000002384186,1677.47998046875,29.8350715637207,"3",603139,0.972403645515442
"538",66458,5120,90,"Tua-2026",280286.3545,6739310.658,5854,5900,8.78620338439941,514.816650390625,19.25,-0.0500000007450581,1903.31103515625,31.5985488891602,"3",5929327,0.932157218456268
"540",108586,4170,160,"Beta-78821",297826.8857,6627991.107,4689,4700,8.76283931732178,532.611450195312,18.8312892913818,-0.837866723537445,1703.79992675781,31.8544387817383,"2",2256228.5,0.964333534240723
"544",95608,6680,40,"Beta-285774",288997.0363,6694588.75,7539,7500,5.94210481643677,652.968688964844,17.6499996185303,-9.24214458465576,1767.9912109375,31.818115234375,"3",3206087,0.765857100486755
"549",138737,6720,25,"TRa-14853",289973.5272,6696418.933,7585,7600,6.10708427429199,663.69091796875,17.6064338684082,-9.69356536865234,1788.51684570312,32.0783081054688,"3",3902501.5,0.770438611507416
"550",95607,4960,40,"Beta - 285771",288900.363,6694554.524,5678,5700,7.46201276779175,574.779296875,18.3154811859131,-3.84999990463257,1853.25549316406,31.6427593231201,"3",3651535,0.861109912395477
"551",138737,6030,30,"Beta-549660",289973.5272,6696418.933,6872,6900,5.98248195648193,677.883544921875,18.0594997406006,-10.2935657501221,1775.21740722656,32.3800621032715,"3",4108138,0.765662789344788
"555",108581,4810,60,"Beta-74479",297904.6522,6628113.861,5525,5500,6.83145523071289,611.791748046875,17.9287776947021,-6.88355350494385,1684.90405273438,31.5249824523926,"2",2357178.5,0.853719890117645
"556",35466,4000,50,"T-8200",279787,6739103,4475,4500,7.74714517593384,538.171875,18.0499420166016,-2.53762221336365,1940.09826660156,30.3123455047607,"3",6273283,0.840932607650757
"558",66458,5190,110,"T-1907",280286.3545,6739310.658,5961,6000,8.78592491149902,499.876739501953,18.9500007629395,0.550000011920929,1931.24389648438,31.4132442474365,"3",6148904.5,0.922467947006226
"559",96353,4480,60,"Beta-98446",294278.6226,6628442.048,5133,5100,7.30949115753174,577.2998046875,17.9835109710693,-5.25617933273315,1677.97668457031,31.0244808197021,"3",546240,0.923356711864471
"560",108583,4030,90,"Beta-74480",297828.1976,6628031.213,4524,4500,7.63338947296143,568.952941894531,17.9548988342285,-3.57216644287109,1713.21398925781,30.9429130554199,"2",2426513.5,0.902833580970764
"562",108566,4300,160,"Beta-87280",297476.0819,6627731.389,4888,4900,7.68658971786499,590.058959960938,18.4500007629395,-4.51523160934448,1652.69860839844,32.3931617736816,"2",1981345,0.928023755550385
"565",95608,7500,50,"Beta-285781",288997.0363,6694588.75,8310,8300,3.82522201538086,732.056823730469,15.905219078064,-15.642144203186,1686.00708007812,32.0752220153809,"3",2253206.5,0.58695513010025
"566",96344,5090,60,"Beta-87278",294340,6628277,5818,5800,7.99104452133179,563.888061523438,18.4044418334961,-3.11581707000732,1670.4140625,30.654935836792,"3",507842.5,0.959131479263306
"571",6477,5270,60,"T-7525",280411.4449,6739309.806,6063,6100,7.219078540802,589.69140625,18.1499996185303,-5.53842210769653,1881.46313476562,31.6045112609863,"3",5666467,0.825097858905792
"576",6477,4560,110,"T-7391",280411.4449,6739309.806,5207,5200,6.63894701004028,598.068420410156,17.7384223937988,-6.84999990463257,1899,28.6006870269775,"3",5764763.5,0.757696926593781
"578",114563,5995,120,"T-19499",281255.9332,6681666.684,6844,6800,6.33168983459473,641.659301757812,17.8766937255859,-8.94999980926514,1806.203125,31.4878959655762,"3",3419345,0.782637596130371
"579",170759,8630,30,"Beta-355291",294245,6646900,9583,9600,3.48360705375671,757.394897460938,15.5964250564575,-18.1484222412109,1761.00915527344,34.5912971496582,"6",28534906.5,0.056641798466444
"583",95608,6120,40,"Beta-285779",288997.0363,6694588.75,6999,7000,6.16132116317749,642.540344238281,17.75,-8.13577365875244,1777.27575683594,32.1106834411621,"3",3183088.5,0.78259015083313
"584",66458,4900,100,"TUa-2027",280286.3545,6739310.658,5644,5600,7.68564558029175,549.004577636719,17.9500007629395,-2.71890139579773,1915.62194824219,31.0171508789062,"3",6213210,0.848461925983429
"585",95608,5850,40,"Beta-285778",288997.0363,6694588.75,6667,6700,7.36171054840088,603.900146484375,18.6052188873291,-4.33577346801758,1815.29675292969,32.2173881530762,"3",3720195,0.871233284473419
"586",95608,6070,40,"Beta-285767",288997.0363,6694588.75,6924,6900,6.06212902069092,676.407409667969,18.1052188873291,-10.1884098052979,1752.62915039062,32.1176109313965,"3",3098215.5,0.787061870098114
"590",113776,7726,55,"Ua-44663",289291.4074,6695991.244,8500,8500,3.68486332893372,745.315979003906,16.0112800598145,-17.0499992370605,1654.40612792969,33.2652969360352,"5",7855798.5,0.482847601175308
"593",116973,5280,40,"Beta-322291",294179.8915,6693749.176,6073,6100,6.90175294876099,620.115539550781,18.1784133911133,-6.65000009536743,1864.98901367188,32.5090370178223,"3",6761138,0.804447650909424
"600",95607,6120,40,"Beta - 285779",288900.363,6694554.524,6999,7000,6.16631937026978,642.354064941406,17.75,-8.11950588226318,1775.78015136719,32.0763893127441,"3",3123277,0.783967137336731
"601",116973,5260,30,"Beta-322290",294179.8915,6693749.176,6049,6000,8.52855205535889,526.197814941406,18.9500007629395,-0.150000005960464,1918.13659667969,32.9477844238281,"3",7066545.5,0.911341190338135
"606",95607,7550,50,"Beta - 285775",288900.363,6694554.524,8362,8400,3.8303050994873,737.569152832031,16.3154811859131,-15.3845195770264,1678.94970703125,31.8070583343506,"3",2228164.5,0.591992080211639
"607",113776,4594,42,"Ua-44660",289291.4074,6695991.244,5314,5300,7.45110273361206,560.986755371094,18.25,-3.45000004768372,1851.58032226562,31.1228733062744,"5",8342820.5,0.766322612762451
"611",113776,6678,48,"Ua-44659",289291.4074,6695991.244,7539,7500,5.93651676177979,653.970581054688,17.6499996185303,-9.25,1753.4111328125,31.7660713195801,"5",7767963.5,0.665629804134369
"612",95607,4270,40,"Beta - 285773",288900.363,6694554.524,4843,4800,7.80079412460327,566.200073242188,18.5154800415039,-3.5845193862915,1804.67150878906,31.4126567840576,"3",3932892,0.907927334308624
"613",95607,7500,50,"Beta - 285781",288900.363,6694554.524,8310,8300,3.8301374912262,731.900146484375,15.900336265564,-15.6346502304077,1684.29284667969,32.0558128356934,"3",2185363,0.588584721088409
"614",94879,4000,95,"T-13113",273907.9139,6720063.323,4479,4500,7.90074110031128,524.569946289062,17.8500003814697,-2.0810546875,1820.46447753906,29.5073776245117,"3",2079167,0.908378064632416
"618",113776,5997,40,"Ua-44668",289291.4074,6695991.244,6835,6800,6.18798542022705,662.942138671875,18.2226257324219,-9.38294887542725,1764.12841796875,32.2166290283203,"5",8040190,0.686466753482819
"620",94922,7260,140,"T-6979",272883.8968,6727415.198,8086,8100,3.82119846343994,709.284790039062,15.8500003814697,-15.9135026931763,1644.650390625,33.2591361999512,"2",1871120.5,0.563985347747803
"622",94922,6880,130,"T-6984",272883.8968,6727415.198,7729,7700,6.21418952941895,649.403930664062,17.8140354156494,-9.35000038146973,1699.90576171875,33.059757232666,"2",2078704.5,0.788636386394501
"624",89451,4465,115,"T-17312",290555.6385,6600732.476,5110,5100,7.50672960281372,566.785888671875,17.7939701080322,-4.94999980926514,1638.70837402344,32.555908203125,"3",71684,0.945932924747467
"626",6477,7610,90,"T-7529",280411.4449,6739309.806,8411,8400,4.09631633758545,716.874938964844,16.3500003814697,-14.1499996185303,1802.34729003906,32.4277954101562,"3",4692421,0.542613446712494
"628",96343,8080,70,"Beta-93146",294320.1772,6628322.861,8996,9000,4.13655948638916,727.110412597656,15.9011878967285,-16.6649856567383,1569.69348144531,34.1041717529297,"3",507195.5,0.694538950920105
"629",94860,3960,60,"Ua-3060",271500.3464,6720388.021,4414,4400,7.81982278823853,517.3603515625,17.7109851837158,-2.04999995231628,1780.41296386719,28.9460639953613,"1",6368968,0.841964662075043
"632",116973,5150,30,"Beta-322293",294179.8915,6693749.176,5915,5900,8.50648880004883,542.004150390625,19.25,-0.850000023841858,1886.98901367188,32.9760055541992,"3",6865762.5,0.921663641929626
"636",108566,4960,160,"Beta-87281",297476.0819,6627731.389,5708,5700,7.46974325180054,584.317199707031,18.2152309417725,-4.21523141860962,1704.65551757812,32.0689315795898,"2",1943242.5,0.894839406013489
"638",95607,5850,40,"Beta - 285778",288900.363,6694554.524,6667,6700,7.36696720123291,603.620849609375,18.6003360748291,-4.31950664520264,1813.36193847656,32.2155876159668,"3",3641246.5,0.872558951377869
"639",95607,6680,40,"Beta - 285774",288900.363,6694554.524,7539,7500,5.9475531578064,652.836975097656,17.6499996185303,-9.23465061187744,1766.17028808594,31.8035221099854,"3",3137725.5,0.767507433891296
"640",95607,6240,40,"Beta - 285776",288900.363,6694554.524,7161,7200,6.0209493637085,656.018432617188,17.75,-9.21950626373291,1766.78942871094,34.9438858032227,"3",2852912,0.774621546268463
"642",45758,5700,30,"Beta-512335",288090,6613746,6477,6500,7.91776895523071,560.966064453125,18.1877422332764,-2.78774213790894,1603.3427734375,33.6787147521973,"2",359238,0.953630149364471
"643",6053,6960,30,"Beta-366162",281162.3099,6681664.341,7785,7800,5.09289073944092,682.098449707031,16.8708515167236,-13.3395738601685,1830.14685058594,32.3212699890137,"3",3464661.5,0.63427746295929
"644",116973,4105,35,"Tua-7458",294179.8915,6693749.176,4625,4600,8.10293674468994,545.497314453125,18.4500007629395,-2.15000009536743,1909.70483398438,31.1886539459229,"3",7604119.5,0.885083377361298
"646",6719,4680,30,"Beta-512324",288022.2231,6613714.11,5393,5400,7.14116954803467,590.261169433594,17.4763565063477,-5.65000009536743,1605.74829101562,31.2767925262451,"2",413137,0.9109867811203
"647",6719,5210,90,"T-3203",288022.2231,6613714.11,5986,6000,9.01530075073242,496.885498046875,18.3763561248779,0.949999988079071,1626.72985839844,32.6678581237793,"2",386962,0.983600974082947
"650",45758,4440,30,"Beta-512331",288090,6613746,5045,5000,7.92405939102173,542.001831054688,17.6877422332764,-2.54999995231628,1636.71228027344,30.9625034332275,"2",383643,0.945306241512299
"651",60624,6470,40,"Beta-239461",306848.3123,6660970.979,7370,7400,4.8248929977417,697.900085449219,17.2394676208496,-11.8500003814697,2052.67578125,34.114875793457,"5",16750066.5,0.365574359893799
"652",45758,4920,30,"Beta-483482",288090,6613746,5638,5600,7.96053791046143,550.550476074219,17.6877422332764,-2.75,1613.20629882812,31.9183502197266,"2",333311,0.953067600727081
"654",45758,4471,15,"Tra-15189",288090,6613746,5195,5200,6.66104078292847,609.605590820312,17.2877426147461,-7.65000009536743,1596.82104492188,28.6185493469238,"2",370490,0.880508303642273
"658",45758,4224,15,"Tra-15190",288090,6613746,4827,4800,8.06057071685791,554.769653320312,18.0877418518066,-3.28695940971375,1589.58374023438,32.2183418273926,"2",374295.5,0.962468266487122
"661",106317,6660,140,"T-14517",301215,6613430,7533,7500,5.67383575439453,672.183227539062,17.4780025482178,-10.6219968795776,1738.79895019531,33.3391532897949,"3",3645524.5,0.755714058876038
"662",95607,5350,40,"Beta - 285772",288900.363,6694554.524,6131,6100,7.12695646286011,607.24267578125,18.1499996185303,-6.15000009536743,1790.56970214844,31.3331489562988,"3",3344987,0.864021599292755
"665",95607,5230,40,"Beta - 285782",288900.363,6694554.524,5984,6000,8.73682594299316,514.534851074219,18.9154815673828,0.280493497848511,1846.36926269531,32.014030456543,"3",3907556.5,0.946999490261078
"668",224196,4440,30,"Beta-451448",292656.8557,6693136.526,5045,5000,7.6026029586792,564.373291015625,18.1655979156494,-3.04999995231628,1945.25439453125,31.49192237854,"5",11800663.5,0.723151624202728
"669",113776,7113,42,"Ua-44665",289291.4074,6695991.244,7942,7900,5.61242485046387,678.127014160156,17.6499996185303,-11.1829481124878,1765.466796875,33.3129806518555,"5",7296985,0.621846497058868
"670",95602,4860,60,"Beta-56843",288961.1326,6694606.056,5591,5600,7.65340852737427,564.939514160156,18.0170841217041,-3.15000009536743,1836.64404296875,31.6528263092041,"3",4044703,0.884074091911316
"671",113776,7860,40,"Beta-344208",289291.4074,6695991.244,8644,8600,3.67236328125,747.824890136719,15.8500003814697,-17.4773731231689,1672.19763183594,33.3900833129883,"5",7719552.5,0.471144258975983
"672",113776,6804,41,"Ua-44662",289291.4074,6695991.244,7639,7600,6.18051242828369,662.796081542969,17.6499996185303,-9.64999961853027,1750.24389648438,31.7580299377441,"5",7482938.5,0.694526314735413
"673",95602,4590,100,"Beta-67789",288961.1326,6694606.056,5269,5300,7.45691251754761,559.618469238281,18.2170829772949,-3.42926692962646,1863.85205078125,31.0989837646484,"3",3604443.5,0.855407655239105
"675",95607,5590,40,"Beta - 285765",288900.363,6694554.524,6362,6400,6.8622088432312,632.518737792969,18.3500003814697,-7.31950664520264,1790.06848144531,32.3092575073242,"3",3587096.5,0.841744542121887
"676",114633,6730,30,"Beta-366159",281212.8937,6681568.173,7595,7600,6.31469297409058,641.924255371094,17.2871189117432,-9.14999961853027,1807.22717285156,31.7972660064697,"3",3426874,0.780325651168823
"678",6053,5110,30,"Beta-366161",281162.3099,6681664.341,5814,5800,8.08698558807373,541.868835449219,18.3604259490967,-2.54999995231628,1842.45959472656,30.7964286804199,"3",3404016,0.912040829658508
"680",96343,5930,70,"Beta-91275",294320.1772,6628322.861,6759,6800,6.13698720932007,665.89453125,17.8862018585205,-10.0649862289429,1621.275390625,31.46533203125,"3",421300,0.862968444824219
"681",113776,7643,47,"Ua-44667",289291.4074,6695991.244,8433,8400,3.82892823219299,738.570983886719,16.3500003814697,-15.3829488754272,1667.92395019531,31.8022003173828,"5",7663111.5,0.489747643470764
"684",95607,5730,40,"Beta - 285766",288900.363,6694554.524,6525,6500,7.63213729858398,575.329650878906,18.5499992370605,-3.18451929092407,1816.01208496094,32.7878456115723,"3",3741218,0.891541540622711
"686",95607,6070,40,"Beta - 285767",288900.363,6694554.524,6924,6900,6.06636714935303,676.344482421875,18.1003360748291,-10.1845188140869,1750.52746582031,32.1016120910645,"3",3028497,0.788699448108673
"687",107943,4280,60,"Beta-41721",294684.5473,6716317.568,4849,4800,7.57835388183594,583.918212890625,18.7597503662109,-4.15974998474121,1906.68493652344,32.6383285522461,"5",12582632,0.74531477689743
"688",114633,6860,30,"Beta-366158",281212.8937,6681568.173,7687,7700,6.01546621322632,663.702087402344,17.6685600280762,-10.25,1792.22717285156,33.6581916809082,"3",3346747,0.758775651454926
"692",95608,5730,40,"Beta-285766",288997.0363,6694588.75,6525,6500,7.62565755844116,575.5771484375,18.5499992370605,-3.18841004371643,1817.82312011719,32.8179206848145,"3",3818296,0.89028799533844
"693",72846,4730,100,"Beta-48160",281870,6646308,5454,5500,7.14642000198364,578.907287597656,17.6499996185303,-5.84800052642822,1740.63037109375,31.0852851867676,"4",23369080.5,0.340231955051422
"697",16131,7605,70,"Tua-3342",295518.8721,6653519.858,8405,8400,3.52485585212708,748.128479003906,16.0129489898682,-16.4063320159912,1722.16943359375,33.5709342956543,"6",28339775,0.0612518638372421
"698",66729,4440,35,"Poz-116864",287635,6613600,5050,5000,7.90987873077393,541.032958984375,17.6499996185303,-2.54999995231628,1668.23864746094,31.0088748931885,"2",738386.5,0.935460150241852
"699",174994,6200,30,"Beta-477310",286765,6698610,7082,7100,6.5,616.921325683594,17.9500007629395,-6.75,1832.42224121094,31.8562965393066,"3",4470656,0.783985733985901
"700",108105,4210,70,"Beta-100865",285275,6718070,4725,4700,8.71404933929443,517.463073730469,18.9732418060303,-0.626758754253387,1955.27038574219,32.2459602355957,"3",7416958.5,0.908792555332184
"701",35883,6380,90,"T-2040",294783.5372,6716732.418,7300,7300,4.98351287841797,708.796813964844,17.5347366333008,-12.2760171890259,1855.62951660156,33.6181449890137,"5",10871122.5,0.495863050222397
"702",107898,4140,130,"T-2384",294775.9178,6716725.726,4656,4700,8.4908618927002,542.462585449219,19.2347373962402,-1.36526274681091,1950.85327148438,32.386791229248,"5",12632636.5,0.810320794582367
"703",66729,4245,35,"Poz-117364",287635,6613600,4828,4800,8.04012107849121,552.623901367188,18.0499992370605,-3.25,1619.23864746094,32.2852630615234,"2",709417.5,0.955008924007416
"706",95608,5590,40,"Beta-285765",288997.0363,6694588.75,6362,6400,6.85802412033081,632.669555664062,18.3500003814697,-7.33577346801758,1792.34851074219,32.3194313049316,"3",3671415,0.840192258358002
"709",94621,7680,90,"T-12372",332364.4796,6650548.093,8477,8500,2.0663537979126,849.094360351562,16.6909885406494,-21.7991199493408,1517.8818359375,32.3610649108887,"5",10820139,0.399578541517258
"712",55468,7490,30,"Beta-483477",287992,6613753,8312,8300,3.69586038589478,729.166564941406,15.471474647522,-16.75,1522.10827636719,33.1260261535645,"2",825490.5,0.626309990882874
"713",55468,7160,40,"Poz-116870",287992,6613753,7977,8000,4.41817617416382,704.796264648438,15.971474647522,-15.1499996185303,1564.8935546875,34.0059623718262,"2",720848,0.679907023906708
"714",55468,7100,20,"Tra-15185",287992,6613753,7935,7900,5.6431679725647,668.135559082031,17.1714744567871,-11.8500003814697,1610.11010742188,34.6241073608398,"2",598243.5,0.782840490341187
"715",55468,6680,40,"Poz-117365",287992,6613753,7539,7500,6.04049968719482,644.011047363281,17.0714740753174,-9.64999961853027,1574.53588867188,32.6594886779785,"2",572986,0.839491188526154
"716",55468,6480,40,"Poz-116868",287992,6613753,7372,7400,5.63126754760742,655.380432128906,16.7714748382568,-10.75,1583.97009277344,33.8398323059082,"2",528290,0.796274602413177
"717",55468,6285,25,"Tra-15184",287992,6613753,7212,7200,6.09644794464111,647.755310058594,17.1714744567871,-9.64999961853027,1582.11499023438,35.7465782165527,"2",512822.5,0.840672850608826
"718",55468,6185,15,"Tra-15186",287992,6613753,7074,7100,6.66222763061523,608.557556152344,17.5714740753174,-6.84999990463257,1597.75537109375,33.0135307312012,"2",490373,0.88019472360611
"719",55468,6120,40,"Poz-117590",287992,6613753,6999,7000,6.30626726150513,631.02880859375,17.3714752197266,-8.05000019073486,1585.18298339844,33.037467956543,"2",494569,0.857270121574402
"720",55468,6040,40,"Poz-116871",287992,6613753,6885,6900,6.18900966644287,663.129455566406,17.4714756011963,-10.25,1564.39965820312,32.6945724487305,"2",512664,0.85722678899765
"721",55468,6000,40,"Poz-116867",287992,6613753,6838,6800,6.30984687805176,650.658203125,17.6714744567871,-9.75,1581.18676757812,32.7284278869629,"2",502914,0.859449803829193
"722",55468,5810,30,"Beta-483479",287992,6613753,6616,6600,7.34407043457031,598.067321777344,17.8714752197266,-6.05000019073486,1613.04296875,33.3246307373047,"2",444509,0.921133816242218
"723",55468,5415,15,"Tra-15183",287992,6613753,6237,6200,6.37978553771973,624.132080078125,17.3714752197266,-8.85000038146973,1580.47143554688,32.8127555847168,"2",487394.5,0.865544617176056
"724",55468,5300,35,"Poz-117592",287992,6613753,6083,6100,7.33216619491577,597.115173339844,17.7714748382568,-6.15000009536743,1593.90002441406,32.4051933288574,"2",440879.5,0.926828742027283
"726",55468,4950,30,"Beta-483478",287992,6613753,5661,5700,7.70567655563354,561.539672851562,17.8714752197266,-3.54999995231628,1646.25671386719,32.431884765625,"2",431440.5,0.931174516677856
"727",55468,4850,30,"Poz-116866",287992,6613753,5587,5600,7.9524040222168,550.218200683594,17.6714744567871,-2.75,1620.90002441406,31.9616279602051,"2",415620.5,0.950787782669067
"730",236639,4220,30,"Beta-542518",287931,6613728,4745,4700,9.02620220184326,506.478240966797,18.5617141723633,-0.0500000007450581,1644.33325195312,31.9366703033447,"2",512840.5,0.981706440448761
"731",236639,4060,30,"Beta-542519",287931,6613728,4538,4500,7.90033006668091,544.413513183594,17.661714553833,-2.84999990463257,1651.11145019531,31.3022861480713,"2",528771,0.940072119235992
"732",236639,3960,30,"Beta-542517",287931,6613728,4427,4400,7.8414568901062,538.904296875,17.661714553833,-2.54999995231628,1628.228515625,30.056676864624,"2",555542,0.943639695644379
"735",236813,7900,40,"Poz-116838",287846,6613749,8716,8700,3.09150457382202,744.527221679688,14.8487014770508,-19.1499996185303,1523.3896484375,33.3999786376953,"2",1041035,0.558826804161072
"737",212603,5090,30,"Beta-534371",289588,6668524,5811,5800,7.9924578666687,558.929504394531,18.4682502746582,-3.03174996376038,1914.50183105469,29.588924407959,"3",5938978.5,0.874365329742432
"738",212603,4450,15,"TRa-15730",289588,6668524,5108,5100,7.32020807266235,572.172302246094,18.0682487487793,-5.03175020217896,1920.38928222656,30.2985897064209,"3",6241463.5,0.812714159488678
"739",212603,4680,15,"TRa-15724",289588,6668524,5389,5400,6.97665643692017,599.189331054688,17.75,-5.83174991607666,1900.21228027344,29.0364284515381,"3",6121506.5,0.791196823120117
"742",212603,4770,20,"TRa-15728",289588,6668524,5529,5500,6.9156551361084,598.105346679688,17.9387474060059,-6.33174991607666,1895.63952636719,30.7804374694824,"3",5657976.5,0.787870585918427
"743",212603,4990,20,"TRa-15729",289588,6668524,5703,5700,7.51187515258789,570.902709960938,18.1499996185303,-3.82049608230591,1942.31701660156,30.8298015594482,"3",6067425,0.818296551704407
"744",212603,4240,30,"Beta-534373",289588,6668524,4828,4800,7.85393810272217,563.407104492188,18.3500003814697,-3.53174996376038,1881.66467285156,30.3595027923584,"3",6124802.5,0.878923654556274
"747",212603,4220,30,"Beta-553355",289588,6668524,4745,4700,8.81916618347168,518.008361816406,18.8500003814697,-0.449999988079071,1918.77722167969,31.2845306396484,"3",5750790,0.928795278072357
"748",212603,4920,30,"Beta-553356",289588,6668524,5638,5600,7.72579145431519,562.235900878906,17.8682498931885,-3.03174996376038,1923.83947753906,28.7063064575195,"3",6259219.5,0.847652614116669
"750",212603,4430,30,"Beta-553358",289588,6668524,5021,5000,7.73651075363159,552.759399414062,17.9500007629395,-2.73175001144409,1923.31701660156,30.2919292449951,"3",5889258.5,0.848851323127747
"757",212603,4070,30,"Beta-551935",289588,6668524,4556,4600,8.38969802856445,529.626403808594,18.2682495117188,-1.62049615383148,1902.44494628906,29.2121448516846,"3",5924428.5,0.90842604637146
"759",95523,5700,110,"T-5542",277600,6710309,6499,6500,7.79414701461792,550.90576171875,18.3405475616455,-2.45000004768372,1811.83752441406,32.8296203613281,"1",7778551.5,0.822950959205627
"760",NA,4410,140,"T-850",387895,6634542,5046,5000,0.176096841692924,706.330078125,14.3449440002441,-13.4082002639771,1550.15161132812,32.5196075439453,"7",139118188.5,0.0191182475537062
"761",NA,5100,80,"T-1611",423770,6706884.999,5826,5800,-0.273666173219681,747.470397949219,14.816198348999,-14.9928665161133,909.8095703125,26.2884483337402,"7",91196024.5,0.0451144315302372
"763",NA,5290,140,"T-1615",425489,6706922,6071,6100,-1.34174633026123,786.617126464844,13.974461555481,-17.515323638916,913.822814941406,26.2034454345703,"7",101344458.5,0.0326918140053749
"764",NA,7080,120,"T-2678",423775,6706820,7893,7900,-2.43240308761597,851.999450683594,14.1064319610596,-21.9451103210449,892.837585449219,28.6651973724365,"7",91323538.5,0.0243497975170612
"765",NA,6950,110,"T-2677",423775,6706820,7785,7800,-3.0198278427124,877.3828125,13.706431388855,-24.904260635376,892.209777832031,26.8871307373047,"7",90928864,0.0204499159008265
"766",NA,6700,100,"T-2679",423775,6706820,7566,7600,-1.88205933570862,840.959350585938,14.0957403182983,-20.9935684204102,876.179077148438,27.1999912261963,"7",92564033,0.0293813031166792
"768",NA,8270,90,"T-2357",423775,6706820,9251,9300,-3.96154713630676,903.765014648438,12.3957405090332,-26.404260635376,864.926391601562,28.577953338623,"7",96795870.5,0.0160429533571005
"769",NA,8210,110,"T-2676",423775,6706820,9185,9200,-2.8273606300354,862.228881835938,13.4957399368286,-22.6042594909668,866.527038574219,28.4116535186768,"7",97120805,0.0224725995212793
"770",NA,5800,600,"T-1234",415294,6672769.999,6608,6600,-0.961018681526184,784.137268066406,14.5488586425781,-17.3511428833008,911.512329101562,26.8373699188232,"6",51865052.5,0.0581202618777752
"771",NA,5015,95,"GrN-7168",415294,6672769.999,5758,5800,-0.153520405292511,737.748596191406,14.848858833313,-14.75,924.227722167969,25.7959308624268,"6",52120100,0.0722663551568985
"773",NA,7420,330,"T-1398",414792,6673926,8250,8200,-4.58877658843994,898.657653808594,11.8605480194092,-27.8947257995605,869.731262207031,27.0614242553711,"6",58362997.5,0.0210425350815058
"774",NA,7650,200,"T-323",417815.609,6717315.707,8472,8500,-4.16240978240967,919.148132324219,12.7513780593872,-27.6766567230225,757.113464355469,27.8908233642578,"7",82196891.5,0.0175908841192722
"775",NA,4860,170,"T-1618",414927.6159,6673742.029,5591,5600,-0.499964505434036,738.40087890625,14.2061424255371,-14.7938575744629,955.042602539062,26.4694175720215,"6",56868573.5,0.0625248029828072
"776",NA,7520,150,"T-1708",428631,6698377.999,8313,8300,-4.06628274917603,909.708374023438,12.6337928771973,-26.6941375732422,754.221130371094,24.40771484375,"6",40025124,0.0289312563836575
"777",NA,5190,100,"T-1785",429530,6670111,5961,6000,0.696126520633698,701.136291503906,15.3343143463135,-11.4656858444214,836.588195800781,26.1306838989258,"6",43187532.5,0.104245461523533
"778",NA,5150,130,"T-1005",430295,6693560,5907,5900,0.811817705631256,721.103759765625,15.521312713623,-12.1786870956421,754.008117675781,24.0777454376221,"6",37736272,0.120301052927971
"779",NA,5920,200,"T-1003",430295,6693560,6760,6800,-1.65840101242065,842.515075683594,14.6213121414185,-20.2786884307861,731.294982910156,23.3685207366943,"6",37255634,0.0608134157955647
"780",NA,5020,100,"T-1001",430295,6693560,5763,5800,0.0320703200995922,751.083312988281,15.2213125228882,-14.7786874771118,752.294982910156,23.2677764892578,"6",37137665,0.096537820994854
"781",NA,5695,145,"GrN-7169",430367,6678892,6501,6500,-0.363062262535095,759.642944335938,15.0673007965088,-14.8500003814697,788.653991699219,27.1396236419678,"6",40825868.5,0.0820353105664253
"782",NA,7650,200,"T-223",417441,6718432,8472,8500,-4.06686925888062,920.329223632812,12.8647031784058,-27.6146488189697,756.960876464844,28.2285804748535,"7",78742207.5,0.018105112016201
"783",NA,7031,41,"UBA-31850",403761,6726798,7866,7900,-1.19608235359192,849.19921875,15.2120018005371,-20.496000289917,1012.73992919922,36.2238235473633,"7",72221900.5,0.0295612011104822
"784",NA,6865,39,"UBA-33866",403409,6727387,7695,7700,-0.657376825809479,861.64697265625,15.9153451919556,-19.8719673156738,940.973449707031,35.4830513000488,"7",59996766,0.0385151542723179
"785",NA,4130,120,"T-129B",412400.7015,6643167.051,4647,4600,1.22954368591309,712.494262695312,15.5838212966919,-12.639967918396,961.143676757812,28.2760391235352,"7",69488106,0.0651931613683701
"786",NA,3950,80,"T-7645",433302.8239,6613027.923,4392,4400,2.07863211631775,741.175598144531,17.157621383667,-12.4144048690796,769.113891601562,22.166166305542,"6",28578027,0.168046295642853
"787",NA,5790,100,"T-7646",433302.8239,6613027.923,6590,6600,1.58186292648315,802.634887695312,17.4982929229736,-15.5815658569336,770.914855957031,26.5356292724609,"6",27409026,0.146099627017975
"789",NA,6150,100,"T-1616",434113,6679862,7036,7000,-1.84642696380615,818.45849609375,13.9693698883057,-19.588436126709,764.745361328125,27.1781444549561,"6",40445669,0.0549913719296455
"790",NA,5125,75,"GrN-7170",423827,6706864,5858,5900,0.496950536966324,718.792724609375,15.2022504806519,-12.3977499008179,904.695556640625,27.1135196685791,"7",91216159.5,0.0570102110505104
